--------------------------------------------------------
--  已建立檔案 - 星期二-十月-06-2020   
--------------------------------------------------------
--------------------------------------------------------
--  DDL for Sequence SEQ_CARRENTALCOMPANY
--------------------------------------------------------

CREATE SEQUENCE  "III_TEAM_DBA"."SEQ_CARRENTALCOMPANY"  MINVALUE 1 MAXVALUE 9999999999999999999999999999 INCREMENT BY 1 START WITH 23 CACHE 20 NOORDER  NOCYCLE  NOKEEP  NOSCALE  GLOBAL ;
--------------------------------------------------------
--  DDL for Sequence SEQ_CARTYPE
--------------------------------------------------------

   CREATE SEQUENCE  "III_TEAM_DBA"."SEQ_CARTYPE"  MINVALUE 1 MAXVALUE 9999999999999999999999999999 INCREMENT BY 1 START WITH 44 CACHE 20 NOORDER  NOCYCLE  NOKEEP  NOSCALE  GLOBAL ;
--------------------------------------------------------
--  DDL for Sequence SEQ_HSR
--------------------------------------------------------

   CREATE SEQUENCE  "III_TEAM_DBA"."SEQ_HSR"  MINVALUE 1 MAXVALUE 9999999999999999999999999999 INCREMENT BY 1 START WITH 121 CACHE 20 NOORDER  NOCYCLE  NOKEEP  NOSCALE  GLOBAL ;
--------------------------------------------------------
--  DDL for Sequence SEQ_T_ORDER_LIST
--------------------------------------------------------

   CREATE SEQUENCE  "III_TEAM_DBA"."SEQ_T_ORDER_LIST"  MINVALUE 1 MAXVALUE 9999999999999999999999999999 INCREMENT BY 1 START WITH 1 CACHE 20 NOORDER  NOCYCLE  NOKEEP  NOSCALE  GLOBAL ;
--------------------------------------------------------
--  DDL for Table CARRENTALCOMPANY
--------------------------------------------------------

  CREATE TABLE "III_TEAM_DBA"."CARRENTALCOMPANY" 
   (	"SN_RENTALCOMPANY" NUMBER(*,0), 
	"NAME_COMPANY" VARCHAR2(255 BYTE), 
	"ADDRESS" VARCHAR2(255 BYTE), 
	"DESCRIPTION" VARCHAR2(255 BYTE), 
	"OPENHOURS" VARCHAR2(255 BYTE), 
	"TEL" VARCHAR2(255 BYTE), 
	"COMPANY_ACCOUNT" VARCHAR2(255 BYTE)
   ) SEGMENT CREATION IMMEDIATE 
  PCTFREE 10 PCTUSED 40 INITRANS 1 MAXTRANS 255 
 NOCOMPRESS LOGGING
  STORAGE(INITIAL 65536 NEXT 1048576 MINEXTENTS 1 MAXEXTENTS 2147483645
  PCTINCREASE 0 FREELISTS 1 FREELIST GROUPS 1
  BUFFER_POOL DEFAULT FLASH_CACHE DEFAULT CELL_FLASH_CACHE DEFAULT)
  TABLESPACE "USERS" ;
--------------------------------------------------------
--  DDL for Table CARTYPE
--------------------------------------------------------

  CREATE TABLE "III_TEAM_DBA"."CARTYPE" 
   (	"SN_CARTYPE" NUMBER(*,0), 
	"CARTYPE" VARCHAR2(255 BYTE), 
	"PRICE" NUMBER(*,0), 
	"SN_RENTCARCOMPANY" NUMBER(*,0)
   ) SEGMENT CREATION IMMEDIATE 
  PCTFREE 10 PCTUSED 40 INITRANS 1 MAXTRANS 255 
 NOCOMPRESS LOGGING
  STORAGE(INITIAL 65536 NEXT 1048576 MINEXTENTS 1 MAXEXTENTS 2147483645
  PCTINCREASE 0 FREELISTS 1 FREELIST GROUPS 1
  BUFFER_POOL DEFAULT FLASH_CACHE DEFAULT CELL_FLASH_CACHE DEFAULT)
  TABLESPACE "USERS" ;
--------------------------------------------------------
--  DDL for Table HIGHSPEEDRAIL
--------------------------------------------------------

  CREATE TABLE "III_TEAM_DBA"."HIGHSPEEDRAIL" 
   (	"SN_SCHEDULE" NUMBER(*,0), 
	"ID_HSR" VARCHAR2(255 BYTE), 
	"DIRECTION" VARCHAR2(10 BYTE), 
	"NANGANG" VARCHAR2(20 BYTE), 
	"TAIPEI" VARCHAR2(20 BYTE), 
	"BANQIAO" VARCHAR2(20 BYTE), 
	"TAOYUAN" VARCHAR2(20 BYTE), 
	"HSINCHU" VARCHAR2(20 BYTE), 
	"MIAOLI" VARCHAR2(20 BYTE), 
	"TAICHUNG" VARCHAR2(20 BYTE), 
	"CHANGHUA" VARCHAR2(20 BYTE), 
	"YUNLIN" VARCHAR2(20 BYTE), 
	"CHIAYI" VARCHAR2(20 BYTE), 
	"TAINAN" VARCHAR2(20 BYTE), 
	"ZUOYING" VARCHAR2(20 BYTE)
   ) SEGMENT CREATION IMMEDIATE 
  PCTFREE 10 PCTUSED 40 INITRANS 1 MAXTRANS 255 
 NOCOMPRESS LOGGING
  STORAGE(INITIAL 65536 NEXT 1048576 MINEXTENTS 1 MAXEXTENTS 2147483645
  PCTINCREASE 0 FREELISTS 1 FREELIST GROUPS 1
  BUFFER_POOL DEFAULT FLASH_CACHE DEFAULT CELL_FLASH_CACHE DEFAULT)
  TABLESPACE "USERS" ;
--------------------------------------------------------
--  DDL for Table T_ORDER_LIST
--------------------------------------------------------

  CREATE TABLE "III_TEAM_DBA"."T_ORDER_LIST" 
   (	"SN_ORDER" NUMBER(*,0), 
	"SN_SCHEDULE" NUMBER(*,0), 
	"TICKETPRICE" NUMBER(*,0), 
	"NUMBERS_DAYS" NUMBER(*,0), 
	"STARTPOINT" VARCHAR2(255 BYTE), 
	"DESTINATION" VARCHAR2(255 BYTE), 
	"DEPARTUREDATE" TIMESTAMP (6), 
	"SN_CARTYPE" NUMBER(*,0), 
	"ORDER_TYPE" VARCHAR2(255 BYTE), 
	"ORDER_ID" NUMBER
   ) SEGMENT CREATION DEFERRED 
  PCTFREE 10 PCTUSED 40 INITRANS 1 MAXTRANS 255 
 NOCOMPRESS LOGGING
  TABLESPACE "USERS" ;
REM INSERTING into III_TEAM_DBA.CARRENTALCOMPANY
SET DEFINE OFF;
Insert into III_TEAM_DBA.CARRENTALCOMPANY (SN_RENTALCOMPANY,NAME_COMPANY,ADDRESS,DESCRIPTION,OPENHOURS,TEL,COMPANY_ACCOUNT) values (1,'永興租車','基隆市信義區信一路25號',null,'08:00~20:00','(02) 2428-1829',null);
Insert into III_TEAM_DBA.CARRENTALCOMPANY (SN_RENTALCOMPANY,NAME_COMPANY,ADDRESS,DESCRIPTION,OPENHOURS,TEL,COMPANY_ACCOUNT) values (2,'大象汽車租賃行','台北市士林區後港街134巷36號',null,'09:00~22:00','02 2882 0005',null);
Insert into III_TEAM_DBA.CARRENTALCOMPANY (SN_RENTALCOMPANY,NAME_COMPANY,ADDRESS,DESCRIPTION,OPENHOURS,TEL,COMPANY_ACCOUNT) values (3,'華誼租車','新北市板橋區環河西路五段600號',null,'10:00~22:00','02 2967 5567',null);
Insert into III_TEAM_DBA.CARRENTALCOMPANY (SN_RENTALCOMPANY,NAME_COMPANY,ADDRESS,DESCRIPTION,OPENHOURS,TEL,COMPANY_ACCOUNT) values (4,'葛里法租車','桃園市桃園區三民路二段123號',null,'09:00~21:00','03 331 7598',null);
Insert into III_TEAM_DBA.CARRENTALCOMPANY (SN_RENTALCOMPANY,NAME_COMPANY,ADDRESS,DESCRIPTION,OPENHOURS,TEL,COMPANY_ACCOUNT) values (5,'便宜租車新竹店','新竹市東區南大路34號',null,'09:00~21:00','03 561 0099',null);
Insert into III_TEAM_DBA.CARRENTALCOMPANY (SN_RENTALCOMPANY,NAME_COMPANY,ADDRESS,DESCRIPTION,OPENHOURS,TEL,COMPANY_ACCOUNT) values (6,'和運租車 新竹高鐵站','新竹縣竹北市高鐵七路6號',null,'08:30~19:30','03 610 5599',null);
Insert into III_TEAM_DBA.CARRENTALCOMPANY (SN_RENTALCOMPANY,NAME_COMPANY,ADDRESS,DESCRIPTION,OPENHOURS,TEL,COMPANY_ACCOUNT) values (7,'便宜租車苗栗店','苗栗縣苗栗市中山路870號',null,'09:00~21:00','03 736 1777',null);
Insert into III_TEAM_DBA.CARRENTALCOMPANY (SN_RENTALCOMPANY,NAME_COMPANY,ADDRESS,DESCRIPTION,OPENHOURS,TEL,COMPANY_ACCOUNT) values (8,'大新汽車租賃','台中市北區北屯路67號',null,'09:00~21:00','04 2238 5366',null);
Insert into III_TEAM_DBA.CARRENTALCOMPANY (SN_RENTALCOMPANY,NAME_COMPANY,ADDRESS,DESCRIPTION,OPENHOURS,TEL,COMPANY_ACCOUNT) values (9,'和運租車 彰化中正站','彰化縣彰化市中正路二段5號',null,'08:30~19:30','04 722 1511',null);
Insert into III_TEAM_DBA.CARRENTALCOMPANY (SN_RENTALCOMPANY,NAME_COMPANY,ADDRESS,DESCRIPTION,OPENHOURS,TEL,COMPANY_ACCOUNT) values (10,'埔里-陞達租車','南投縣埔里鎮南安路180-1號全家隔壁',null,'09:00~20:00','0928 888 053',null);
Insert into III_TEAM_DBA.CARRENTALCOMPANY (SN_RENTALCOMPANY,NAME_COMPANY,ADDRESS,DESCRIPTION,OPENHOURS,TEL,COMPANY_ACCOUNT) values (11,'東山租車總公司','雲林縣虎尾鎮文科路208號',null,'08:00~21:00','05 632 0135',null);
Insert into III_TEAM_DBA.CARRENTALCOMPANY (SN_RENTALCOMPANY,NAME_COMPANY,ADDRESS,DESCRIPTION,OPENHOURS,TEL,COMPANY_ACCOUNT) values (12,'直航租車x嘉義後驛店','嘉義市西區博愛路二段226號',null,'08:00~20:30','05 281 1558',null);
Insert into III_TEAM_DBA.CARRENTALCOMPANY (SN_RENTALCOMPANY,NAME_COMPANY,ADDRESS,DESCRIPTION,OPENHOURS,TEL,COMPANY_ACCOUNT) values (13,'嘉義IWS艾維士小客車租賃','嘉義縣太保市61252號',null,'08:00~20:00','05 362 5099',null);
Insert into III_TEAM_DBA.CARRENTALCOMPANY (SN_RENTALCOMPANY,NAME_COMPANY,ADDRESS,DESCRIPTION,OPENHOURS,TEL,COMPANY_ACCOUNT) values (14,'接蓮行車業-台南火車站租機車','台南市中西區北門路一段127號',null,'08:00~21:00','06 223 2388',null);
Insert into III_TEAM_DBA.CARRENTALCOMPANY (SN_RENTALCOMPANY,NAME_COMPANY,ADDRESS,DESCRIPTION,OPENHOURS,TEL,COMPANY_ACCOUNT) values (15,'隆韻租車 凱旋店','高雄市苓雅區凱旋三路869號',null,'08:00~22:00','07 725 7020',null);
Insert into III_TEAM_DBA.CARRENTALCOMPANY (SN_RENTALCOMPANY,NAME_COMPANY,ADDRESS,DESCRIPTION,OPENHOURS,TEL,COMPANY_ACCOUNT) values (16,'滿溢租車','屏東縣屏東市瑞光路三段176號',null,'08:30~20:00','08 735 1943',null);
Insert into III_TEAM_DBA.CARRENTALCOMPANY (SN_RENTALCOMPANY,NAME_COMPANY,ADDRESS,DESCRIPTION,OPENHOURS,TEL,COMPANY_ACCOUNT) values (17,'金城租車公司','宜蘭縣羅東鎮站前北路1號',null,'07:00~21:00','03 956 5278',null);
Insert into III_TEAM_DBA.CARRENTALCOMPANY (SN_RENTALCOMPANY,NAME_COMPANY,ADDRESS,DESCRIPTION,OPENHOURS,TEL,COMPANY_ACCOUNT) values (18,'行易花蓮租車','花蓮縣花蓮市國聯一路43號花蓮火車站東出口左前方100公尺',null,'08:30~20:30','03 831 1616',null);
Insert into III_TEAM_DBA.CARRENTALCOMPANY (SN_RENTALCOMPANY,NAME_COMPANY,ADDRESS,DESCRIPTION,OPENHOURS,TEL,COMPANY_ACCOUNT) values (19,'台東旅遊通租車','台東縣台東市新站路253號',null,'08:00~20:00','08 922 1058',null);
Insert into III_TEAM_DBA.CARRENTALCOMPANY (SN_RENTALCOMPANY,NAME_COMPANY,ADDRESS,DESCRIPTION,OPENHOURS,TEL,COMPANY_ACCOUNT) values (20,'澎湖大興租車行','澎湖縣馬公市中興路34號',null,'07:30~20:00','06 926 1193',null);
Insert into III_TEAM_DBA.CARRENTALCOMPANY (SN_RENTALCOMPANY,NAME_COMPANY,ADDRESS,DESCRIPTION,OPENHOURS,TEL,COMPANY_ACCOUNT) values (21,'金豐租車','金門縣金湖鎮太湖路二段201號',null,'08:30~17:30','08 237 1888',null);
Insert into III_TEAM_DBA.CARRENTALCOMPANY (SN_RENTALCOMPANY,NAME_COMPANY,ADDRESS,DESCRIPTION,OPENHOURS,TEL,COMPANY_ACCOUNT) values (22,'一家人機車店','連江縣南竿鄉128號',null,'06:30~21:00','0939 186 239',null);
REM INSERTING into III_TEAM_DBA.CARTYPE
SET DEFINE OFF;
Insert into III_TEAM_DBA.CARTYPE (SN_CARTYPE,CARTYPE,PRICE,SN_RENTCARCOMPANY) values (1,'TOYOTA VIOS 1.5',1800,1);
Insert into III_TEAM_DBA.CARTYPE (SN_CARTYPE,CARTYPE,PRICE,SN_RENTCARCOMPANY) values (2,'LUXGEN MPV 2.2 ( 8人座)',3300,1);
Insert into III_TEAM_DBA.CARTYPE (SN_CARTYPE,CARTYPE,PRICE,SN_RENTCARCOMPANY) values (3,'All New Vios',1900,2);
Insert into III_TEAM_DBA.CARTYPE (SN_CARTYPE,CARTYPE,PRICE,SN_RENTCARCOMPANY) values (4,'Granvia',5000,2);
Insert into III_TEAM_DBA.CARTYPE (SN_CARTYPE,CARTYPE,PRICE,SN_RENTCARCOMPANY) values (5,'LUXGEN: S3',1900,3);
Insert into III_TEAM_DBA.CARTYPE (SN_CARTYPE,CARTYPE,PRICE,SN_RENTCARCOMPANY) values (6,'HONDA: FIT',1900,3);
Insert into III_TEAM_DBA.CARTYPE (SN_CARTYPE,CARTYPE,PRICE,SN_RENTCARCOMPANY) values (7,'GT125',450,4);
Insert into III_TEAM_DBA.CARTYPE (SN_CARTYPE,CARTYPE,PRICE,SN_RENTCARCOMPANY) values (8,'MAZDA 5',2590,4);
Insert into III_TEAM_DBA.CARTYPE (SN_CARTYPE,CARTYPE,PRICE,SN_RENTCARCOMPANY) values (9,'全新 Volkswagen T-Cross',2380,5);
Insert into III_TEAM_DBA.CARTYPE (SN_CARTYPE,CARTYPE,PRICE,SN_RENTCARCOMPANY) values (10,'全新 現代SUPER ELANTRA 2.0',2380,5);
Insert into III_TEAM_DBA.CARTYPE (SN_CARTYPE,CARTYPE,PRICE,SN_RENTCARCOMPANY) values (11,'CAMRY',3600,6);
Insert into III_TEAM_DBA.CARTYPE (SN_CARTYPE,CARTYPE,PRICE,SN_RENTCARCOMPANY) values (12,'ALTIS',3000,6);
Insert into III_TEAM_DBA.CARTYPE (SN_CARTYPE,CARTYPE,PRICE,SN_RENTCARCOMPANY) values (13,'中華 DELICA (廂式 八人座)',2280,7);
Insert into III_TEAM_DBA.CARTYPE (SN_CARTYPE,CARTYPE,PRICE,SN_RENTCARCOMPANY) values (14,'全新 NISSAN NEW MARCH 1.5',1880,7);
Insert into III_TEAM_DBA.CARTYPE (SN_CARTYPE,CARTYPE,PRICE,SN_RENTCARCOMPANY) values (15,'TOYOTA NEW VIOS',1800,8);
Insert into III_TEAM_DBA.CARTYPE (SN_CARTYPE,CARTYPE,PRICE,SN_RENTCARCOMPANY) values (16,'Mazda 3 五門',2000,8);
Insert into III_TEAM_DBA.CARTYPE (SN_CARTYPE,CARTYPE,PRICE,SN_RENTCARCOMPANY) values (17,'WISH',3700,9);
Insert into III_TEAM_DBA.CARTYPE (SN_CARTYPE,CARTYPE,PRICE,SN_RENTCARCOMPANY) values (18,'INNOVA',3000,9);
Insert into III_TEAM_DBA.CARTYPE (SN_CARTYPE,CARTYPE,PRICE,SN_RENTCARCOMPANY) values (19,'VIOS',1900,10);
Insert into III_TEAM_DBA.CARTYPE (SN_CARTYPE,CARTYPE,PRICE,SN_RENTCARCOMPANY) values (20,'ALTIS',2700,10);
Insert into III_TEAM_DBA.CARTYPE (SN_CARTYPE,CARTYPE,PRICE,SN_RENTCARCOMPANY) values (21,'LIVINA 1.6',1600,11);
Insert into III_TEAM_DBA.CARTYPE (SN_CARTYPE,CARTYPE,PRICE,SN_RENTCARCOMPANY) values (22,'TIIDA',1500,11);
Insert into III_TEAM_DBA.CARTYPE (SN_CARTYPE,CARTYPE,PRICE,SN_RENTCARCOMPANY) values (23,'Tesla MODEL 3',8800,12);
Insert into III_TEAM_DBA.CARTYPE (SN_CARTYPE,CARTYPE,PRICE,SN_RENTCARCOMPANY) values (24,'LEXUS NX200 豪華款',9800,12);
Insert into III_TEAM_DBA.CARTYPE (SN_CARTYPE,CARTYPE,PRICE,SN_RENTCARCOMPANY) values (25,'特斯拉 Tesla model S',16000,13);
Insert into III_TEAM_DBA.CARTYPE (SN_CARTYPE,CARTYPE,PRICE,SN_RENTCARCOMPANY) values (26,'BMW 5-Series 520i',8000,13);
Insert into III_TEAM_DBA.CARTYPE (SN_CARTYPE,CARTYPE,PRICE,SN_RENTCARCOMPANY) values (27,'BWS''R 或同級',650,14);
Insert into III_TEAM_DBA.CARTYPE (SN_CARTYPE,CARTYPE,PRICE,SN_RENTCARCOMPANY) values (28,'FORCE 或同級',750,14);
Insert into III_TEAM_DBA.CARTYPE (SN_CARTYPE,CARTYPE,PRICE,SN_RENTCARCOMPANY) values (29,'HR-V',2600,15);
Insert into III_TEAM_DBA.CARTYPE (SN_CARTYPE,CARTYPE,PRICE,SN_RENTCARCOMPANY) values (30,'新款vios2018',1700,15);
Insert into III_TEAM_DBA.CARTYPE (SN_CARTYPE,CARTYPE,PRICE,SN_RENTCARCOMPANY) values (31,'現代 Hyundai 梅基（淺綠）Matrix 1.6CC',1650,16);
Insert into III_TEAM_DBA.CARTYPE (SN_CARTYPE,CARTYPE,PRICE,SN_RENTCARCOMPANY) values (32,'現代    hyundai   ELANTRA    伊倫強    1.8CC',2150,16);
Insert into III_TEAM_DBA.CARTYPE (SN_CARTYPE,CARTYPE,PRICE,SN_RENTCARCOMPANY) values (33,'NEW YARIS',2000,17);
Insert into III_TEAM_DBA.CARTYPE (SN_CARTYPE,CARTYPE,PRICE,SN_RENTCARCOMPANY) values (34,'NEW ALTIS',2200,17);
Insert into III_TEAM_DBA.CARTYPE (SN_CARTYPE,CARTYPE,PRICE,SN_RENTCARCOMPANY) values (35,'TOYOTA小台VIOS',1500,18);
Insert into III_TEAM_DBA.CARTYPE (SN_CARTYPE,CARTYPE,PRICE,SN_RENTCARCOMPANY) values (36,'TOYOTAAll New YARIS(大鴨)',1600,18);
Insert into III_TEAM_DBA.CARTYPE (SN_CARTYPE,CARTYPE,PRICE,SN_RENTCARCOMPANY) values (37,'HYUNDAI STAREX (平日)- 九人座租車',3000,19);
Insert into III_TEAM_DBA.CARTYPE (SN_CARTYPE,CARTYPE,PRICE,SN_RENTCARCOMPANY) values (38,'yaris 1500CC 租車',1400,19);
Insert into III_TEAM_DBA.CARTYPE (SN_CARTYPE,CARTYPE,PRICE,SN_RENTCARCOMPANY) values (39,'豐田 NEW YARIS',1700,20);
Insert into III_TEAM_DBA.CARTYPE (SN_CARTYPE,CARTYPE,PRICE,SN_RENTCARCOMPANY) values (40,'Nissan-Serena QRV',2500,20);
Insert into III_TEAM_DBA.CARTYPE (SN_CARTYPE,CARTYPE,PRICE,SN_RENTCARCOMPANY) values (41,'HONDA FIT',1800,21);
Insert into III_TEAM_DBA.CARTYPE (SN_CARTYPE,CARTYPE,PRICE,SN_RENTCARCOMPANY) values (42,'Nissan Livina',1800,21);
Insert into III_TEAM_DBA.CARTYPE (SN_CARTYPE,CARTYPE,PRICE,SN_RENTCARCOMPANY) values (43,'機車',500,22);
REM INSERTING into III_TEAM_DBA.HIGHSPEEDRAIL
SET DEFINE OFF;
Insert into III_TEAM_DBA.HIGHSPEEDRAIL (SN_SCHEDULE,ID_HSR,DIRECTION,NANGANG,TAIPEI,BANQIAO,TAOYUAN,HSINCHU,MIAOLI,TAICHUNG,CHANGHUA,YUNLIN,CHIAYI,TAINAN,ZUOYING) values (1,'593','downSouth',null,null,null,null,null,null,'06:25','06:37','06:47','06:59','07:17','07:30');
Insert into III_TEAM_DBA.HIGHSPEEDRAIL (SN_SCHEDULE,ID_HSR,DIRECTION,NANGANG,TAIPEI,BANQIAO,TAOYUAN,HSINCHU,MIAOLI,TAICHUNG,CHANGHUA,YUNLIN,CHIAYI,TAINAN,ZUOYING) values (2,'803','downSouth','06:15','06:26','06:34','06:49','07:02','07:13','07:32','07:45','07:56','08:10','08:28','08:40');
Insert into III_TEAM_DBA.HIGHSPEEDRAIL (SN_SCHEDULE,ID_HSR,DIRECTION,NANGANG,TAIPEI,BANQIAO,TAOYUAN,HSINCHU,MIAOLI,TAICHUNG,CHANGHUA,YUNLIN,CHIAYI,TAINAN,ZUOYING) values (3,'203','downSouth',null,'06:30','06:38',null,null,null,'07:20',null,null,'07:45','08:03','08:15');
Insert into III_TEAM_DBA.HIGHSPEEDRAIL (SN_SCHEDULE,ID_HSR,DIRECTION,NANGANG,TAIPEI,BANQIAO,TAOYUAN,HSINCHU,MIAOLI,TAICHUNG,CHANGHUA,YUNLIN,CHIAYI,TAINAN,ZUOYING) values (4,'603','downSouth','06:40','06:51','07:00','07:15','07:27',null,'07:53',null,null,'08:19','08:38','08:50');
Insert into III_TEAM_DBA.HIGHSPEEDRAIL (SN_SCHEDULE,ID_HSR,DIRECTION,NANGANG,TAIPEI,BANQIAO,TAOYUAN,HSINCHU,MIAOLI,TAICHUNG,CHANGHUA,YUNLIN,CHIAYI,TAINAN,ZUOYING) values (5,'805','downSouth','07:00','07:11','07:19','07:34','07:47','07:58','08:17','08:30','08:41','08:55','09:13','09:25');
Insert into III_TEAM_DBA.HIGHSPEEDRAIL (SN_SCHEDULE,ID_HSR,DIRECTION,NANGANG,TAIPEI,BANQIAO,TAOYUAN,HSINCHU,MIAOLI,TAICHUNG,CHANGHUA,YUNLIN,CHIAYI,TAINAN,ZUOYING) values (6,'109','downSouth','07:20','07:31','07:39',null,null,null,'08:20',null,null,null,null,'09:05');
Insert into III_TEAM_DBA.HIGHSPEEDRAIL (SN_SCHEDULE,ID_HSR,DIRECTION,NANGANG,TAIPEI,BANQIAO,TAOYUAN,HSINCHU,MIAOLI,TAICHUNG,CHANGHUA,YUNLIN,CHIAYI,TAINAN,ZUOYING) values (7,'609','downSouth','07:35','07:46','07:55','08:10','08:22',null,'08:48',null,null,'09:14','09:33','09:45');
Insert into III_TEAM_DBA.HIGHSPEEDRAIL (SN_SCHEDULE,ID_HSR,DIRECTION,NANGANG,TAIPEI,BANQIAO,TAOYUAN,HSINCHU,MIAOLI,TAICHUNG,CHANGHUA,YUNLIN,CHIAYI,TAINAN,ZUOYING) values (8,'205','downSouth','07:40','07:51','07:59',null,null,null,'08:40',null,null,null,'09:18','09:30');
Insert into III_TEAM_DBA.HIGHSPEEDRAIL (SN_SCHEDULE,ID_HSR,DIRECTION,NANGANG,TAIPEI,BANQIAO,TAOYUAN,HSINCHU,MIAOLI,TAICHUNG,CHANGHUA,YUNLIN,CHIAYI,TAINAN,ZUOYING) values (9,'809','downSouth','08:00','08:11','08:19','08:34','08:47','08:58','09:17','09:30','09:41','09:55','10:13','10:25');
Insert into III_TEAM_DBA.HIGHSPEEDRAIL (SN_SCHEDULE,ID_HSR,DIRECTION,NANGANG,TAIPEI,BANQIAO,TAOYUAN,HSINCHU,MIAOLI,TAICHUNG,CHANGHUA,YUNLIN,CHIAYI,TAINAN,ZUOYING) values (10,'613','downSouth','08:10','08:21','08:29','08:43','08:56',null,'09:25',null,null,'09:50','10:07','10:20');
Insert into III_TEAM_DBA.HIGHSPEEDRAIL (SN_SCHEDULE,ID_HSR,DIRECTION,NANGANG,TAIPEI,BANQIAO,TAOYUAN,HSINCHU,MIAOLI,TAICHUNG,CHANGHUA,YUNLIN,CHIAYI,TAINAN,ZUOYING) values (11,'113','downSouth','08:20','08:31','08:39',null,null,null,'09:20',null,null,null,null,'10:05');
Insert into III_TEAM_DBA.HIGHSPEEDRAIL (SN_SCHEDULE,ID_HSR,DIRECTION,NANGANG,TAIPEI,BANQIAO,TAOYUAN,HSINCHU,MIAOLI,TAICHUNG,CHANGHUA,YUNLIN,CHIAYI,TAINAN,ZUOYING) values (12,'615','downSouth','08:35','08:46','08:55','09:10','09:22',null,'09:48',null,null,'10:14','10:33','10:45');
Insert into III_TEAM_DBA.HIGHSPEEDRAIL (SN_SCHEDULE,ID_HSR,DIRECTION,NANGANG,TAIPEI,BANQIAO,TAOYUAN,HSINCHU,MIAOLI,TAICHUNG,CHANGHUA,YUNLIN,CHIAYI,TAINAN,ZUOYING) values (13,'813','downSouth','09:00','09:11','09:19','09:34','09:47','09:58','10:17','10:30','10:41','10:55','11:13','11:25');
Insert into III_TEAM_DBA.HIGHSPEEDRAIL (SN_SCHEDULE,ID_HSR,DIRECTION,NANGANG,TAIPEI,BANQIAO,TAOYUAN,HSINCHU,MIAOLI,TAICHUNG,CHANGHUA,YUNLIN,CHIAYI,TAINAN,ZUOYING) values (14,'619','downSouth','09:10','09:21','09:29','09:43','09:56',null,'10:25',null,null,'10:50','11:07','11:20');
Insert into III_TEAM_DBA.HIGHSPEEDRAIL (SN_SCHEDULE,ID_HSR,DIRECTION,NANGANG,TAIPEI,BANQIAO,TAOYUAN,HSINCHU,MIAOLI,TAICHUNG,CHANGHUA,YUNLIN,CHIAYI,TAINAN,ZUOYING) values (15,'117','downSouth','09:20','09:31','09:39',null,null,null,'10:20',null,null,null,null,'11:05');
Insert into III_TEAM_DBA.HIGHSPEEDRAIL (SN_SCHEDULE,ID_HSR,DIRECTION,NANGANG,TAIPEI,BANQIAO,TAOYUAN,HSINCHU,MIAOLI,TAICHUNG,CHANGHUA,YUNLIN,CHIAYI,TAINAN,ZUOYING) values (16,'621','downSouth','09:35','09:46','09:55','10:10','10:22',null,'10:48',null,null,'11:14','11:33','11:45');
Insert into III_TEAM_DBA.HIGHSPEEDRAIL (SN_SCHEDULE,ID_HSR,DIRECTION,NANGANG,TAIPEI,BANQIAO,TAOYUAN,HSINCHU,MIAOLI,TAICHUNG,CHANGHUA,YUNLIN,CHIAYI,TAINAN,ZUOYING) values (17,'817','downSouth','10:00','10:11','10:19','10:34','10:47','10:58','11:17','11:30','11:41','11:55','12:13','12:25');
Insert into III_TEAM_DBA.HIGHSPEEDRAIL (SN_SCHEDULE,ID_HSR,DIRECTION,NANGANG,TAIPEI,BANQIAO,TAOYUAN,HSINCHU,MIAOLI,TAICHUNG,CHANGHUA,YUNLIN,CHIAYI,TAINAN,ZUOYING) values (18,'625','downSouth','10:10','10:21','10:29','10:43','10:56',null,'11:25',null,null,'11:50','12:07','12:20');
Insert into III_TEAM_DBA.HIGHSPEEDRAIL (SN_SCHEDULE,ID_HSR,DIRECTION,NANGANG,TAIPEI,BANQIAO,TAOYUAN,HSINCHU,MIAOLI,TAICHUNG,CHANGHUA,YUNLIN,CHIAYI,TAINAN,ZUOYING) values (19,'121','downSouth','10:20','10:31','10:39',null,null,null,'11:20',null,null,null,null,'12:05');
Insert into III_TEAM_DBA.HIGHSPEEDRAIL (SN_SCHEDULE,ID_HSR,DIRECTION,NANGANG,TAIPEI,BANQIAO,TAOYUAN,HSINCHU,MIAOLI,TAICHUNG,CHANGHUA,YUNLIN,CHIAYI,TAINAN,ZUOYING) values (20,'627','downSouth','10:35','10:46','10:55','11:10','11:22',null,'11:48',null,null,'12:14','12:33','12:45');
Insert into III_TEAM_DBA.HIGHSPEEDRAIL (SN_SCHEDULE,ID_HSR,DIRECTION,NANGANG,TAIPEI,BANQIAO,TAOYUAN,HSINCHU,MIAOLI,TAICHUNG,CHANGHUA,YUNLIN,CHIAYI,TAINAN,ZUOYING) values (21,'821','downSouth','11:00','11:11','11:19','11:34','11:47','11:58','12:17','12:30','12:41','12:55','13:13','13:25');
Insert into III_TEAM_DBA.HIGHSPEEDRAIL (SN_SCHEDULE,ID_HSR,DIRECTION,NANGANG,TAIPEI,BANQIAO,TAOYUAN,HSINCHU,MIAOLI,TAICHUNG,CHANGHUA,YUNLIN,CHIAYI,TAINAN,ZUOYING) values (22,'125','downSouth','11:20','11:31','11:39',null,null,null,'12:20',null,null,null,null,'13:05');
Insert into III_TEAM_DBA.HIGHSPEEDRAIL (SN_SCHEDULE,ID_HSR,DIRECTION,NANGANG,TAIPEI,BANQIAO,TAOYUAN,HSINCHU,MIAOLI,TAICHUNG,CHANGHUA,YUNLIN,CHIAYI,TAINAN,ZUOYING) values (23,'633','downSouth','11:35','11:46','11:55','12:10','12:22',null,'12:48',null,null,'13:14','13:33','13:45');
Insert into III_TEAM_DBA.HIGHSPEEDRAIL (SN_SCHEDULE,ID_HSR,DIRECTION,NANGANG,TAIPEI,BANQIAO,TAOYUAN,HSINCHU,MIAOLI,TAICHUNG,CHANGHUA,YUNLIN,CHIAYI,TAINAN,ZUOYING) values (24,'825','downSouth','12:00','12:11','12:19','12:34','12:47','12:58','13:17','13:30','13:41','13:55','14:13','14:25');
Insert into III_TEAM_DBA.HIGHSPEEDRAIL (SN_SCHEDULE,ID_HSR,DIRECTION,NANGANG,TAIPEI,BANQIAO,TAOYUAN,HSINCHU,MIAOLI,TAICHUNG,CHANGHUA,YUNLIN,CHIAYI,TAINAN,ZUOYING) values (25,'129','downSouth','12:20','12:31','12:39',null,null,null,'13:20',null,null,null,null,'14:05');
Insert into III_TEAM_DBA.HIGHSPEEDRAIL (SN_SCHEDULE,ID_HSR,DIRECTION,NANGANG,TAIPEI,BANQIAO,TAOYUAN,HSINCHU,MIAOLI,TAICHUNG,CHANGHUA,YUNLIN,CHIAYI,TAINAN,ZUOYING) values (26,'639','downSouth','12:35','12:46','12:55','13:10','13:22',null,'13:48',null,null,'14:14','14:33','14:45');
Insert into III_TEAM_DBA.HIGHSPEEDRAIL (SN_SCHEDULE,ID_HSR,DIRECTION,NANGANG,TAIPEI,BANQIAO,TAOYUAN,HSINCHU,MIAOLI,TAICHUNG,CHANGHUA,YUNLIN,CHIAYI,TAINAN,ZUOYING) values (27,'829','downSouth','13:00','13:11','13:19','13:34','13:47','13:58','14:17','14:30','14:41','14:55','15:13','15:25');
Insert into III_TEAM_DBA.HIGHSPEEDRAIL (SN_SCHEDULE,ID_HSR,DIRECTION,NANGANG,TAIPEI,BANQIAO,TAOYUAN,HSINCHU,MIAOLI,TAICHUNG,CHANGHUA,YUNLIN,CHIAYI,TAINAN,ZUOYING) values (28,'133','downSouth','13:20','13:31','13:39',null,null,null,'14:20',null,null,null,null,'15:05');
Insert into III_TEAM_DBA.HIGHSPEEDRAIL (SN_SCHEDULE,ID_HSR,DIRECTION,NANGANG,TAIPEI,BANQIAO,TAOYUAN,HSINCHU,MIAOLI,TAICHUNG,CHANGHUA,YUNLIN,CHIAYI,TAINAN,ZUOYING) values (29,'645','downSouth','13:35','13:46','13:55','14:10','14:22',null,'14:48',null,null,'15:14','15:33','15:45');
Insert into III_TEAM_DBA.HIGHSPEEDRAIL (SN_SCHEDULE,ID_HSR,DIRECTION,NANGANG,TAIPEI,BANQIAO,TAOYUAN,HSINCHU,MIAOLI,TAICHUNG,CHANGHUA,YUNLIN,CHIAYI,TAINAN,ZUOYING) values (30,'833','downSouth','14:00','14:11','14:19','14:34','14:47','14:58','15:17','15:30','15:41','15:55','16:13','16:25');
Insert into III_TEAM_DBA.HIGHSPEEDRAIL (SN_SCHEDULE,ID_HSR,DIRECTION,NANGANG,TAIPEI,BANQIAO,TAOYUAN,HSINCHU,MIAOLI,TAICHUNG,CHANGHUA,YUNLIN,CHIAYI,TAINAN,ZUOYING) values (31,'137','downSouth','14:20','14:31','14:39',null,null,null,'15:20',null,null,null,null,'16:05');
Insert into III_TEAM_DBA.HIGHSPEEDRAIL (SN_SCHEDULE,ID_HSR,DIRECTION,NANGANG,TAIPEI,BANQIAO,TAOYUAN,HSINCHU,MIAOLI,TAICHUNG,CHANGHUA,YUNLIN,CHIAYI,TAINAN,ZUOYING) values (32,'651','downSouth','14:35','14:46','14:55','15:10','15:22',null,'15:48',null,null,'16:14','16:33','16:45');
Insert into III_TEAM_DBA.HIGHSPEEDRAIL (SN_SCHEDULE,ID_HSR,DIRECTION,NANGANG,TAIPEI,BANQIAO,TAOYUAN,HSINCHU,MIAOLI,TAICHUNG,CHANGHUA,YUNLIN,CHIAYI,TAINAN,ZUOYING) values (33,'837','downSouth','15:00','15:11','15:19','15:34','15:47','15:58','16:17','16:30','16:41','16:55','17:13','17:25');
Insert into III_TEAM_DBA.HIGHSPEEDRAIL (SN_SCHEDULE,ID_HSR,DIRECTION,NANGANG,TAIPEI,BANQIAO,TAOYUAN,HSINCHU,MIAOLI,TAICHUNG,CHANGHUA,YUNLIN,CHIAYI,TAINAN,ZUOYING) values (34,'141','downSouth','15:20','15:31','15:39',null,null,null,'16:20',null,null,null,null,'17:05');
Insert into III_TEAM_DBA.HIGHSPEEDRAIL (SN_SCHEDULE,ID_HSR,DIRECTION,NANGANG,TAIPEI,BANQIAO,TAOYUAN,HSINCHU,MIAOLI,TAICHUNG,CHANGHUA,YUNLIN,CHIAYI,TAINAN,ZUOYING) values (35,'657','downSouth','15:35','15:46','15:55','16:10','16:22',null,'16:48',null,null,'17:14','17:33','17:45');
Insert into III_TEAM_DBA.HIGHSPEEDRAIL (SN_SCHEDULE,ID_HSR,DIRECTION,NANGANG,TAIPEI,BANQIAO,TAOYUAN,HSINCHU,MIAOLI,TAICHUNG,CHANGHUA,YUNLIN,CHIAYI,TAINAN,ZUOYING) values (36,'841','downSouth','16:00','16:11','16:19','16:34','16:47','16:58','17:17','17:30','17:41','17:55','18:13','18:25');
Insert into III_TEAM_DBA.HIGHSPEEDRAIL (SN_SCHEDULE,ID_HSR,DIRECTION,NANGANG,TAIPEI,BANQIAO,TAOYUAN,HSINCHU,MIAOLI,TAICHUNG,CHANGHUA,YUNLIN,CHIAYI,TAINAN,ZUOYING) values (37,'661','downSouth','16:10','16:21','16:29','16:43','16:56',null,'17:25',null,null,'17:50','18:07','18:20');
Insert into III_TEAM_DBA.HIGHSPEEDRAIL (SN_SCHEDULE,ID_HSR,DIRECTION,NANGANG,TAIPEI,BANQIAO,TAOYUAN,HSINCHU,MIAOLI,TAICHUNG,CHANGHUA,YUNLIN,CHIAYI,TAINAN,ZUOYING) values (38,'145','downSouth','16:20','16:31','16:39',null,null,null,'17:20',null,null,null,null,'18:05');
Insert into III_TEAM_DBA.HIGHSPEEDRAIL (SN_SCHEDULE,ID_HSR,DIRECTION,NANGANG,TAIPEI,BANQIAO,TAOYUAN,HSINCHU,MIAOLI,TAICHUNG,CHANGHUA,YUNLIN,CHIAYI,TAINAN,ZUOYING) values (39,'663','downSouth','16:35','16:46','16:55','17:10','17:22',null,'17:48',null,null,'18:14','18:33','18:45');
Insert into III_TEAM_DBA.HIGHSPEEDRAIL (SN_SCHEDULE,ID_HSR,DIRECTION,NANGANG,TAIPEI,BANQIAO,TAOYUAN,HSINCHU,MIAOLI,TAICHUNG,CHANGHUA,YUNLIN,CHIAYI,TAINAN,ZUOYING) values (40,'845','downSouth','17:00','17:11','17:19','17:34','17:47','17:58','18:17','18:30','18:41','18:55','19:13','19:25');
Insert into III_TEAM_DBA.HIGHSPEEDRAIL (SN_SCHEDULE,ID_HSR,DIRECTION,NANGANG,TAIPEI,BANQIAO,TAOYUAN,HSINCHU,MIAOLI,TAICHUNG,CHANGHUA,YUNLIN,CHIAYI,TAINAN,ZUOYING) values (41,'667','downSouth','17:10','17:21','17:29','17:43','17:56',null,'18:25',null,null,'18:50','19:07','19:20');
Insert into III_TEAM_DBA.HIGHSPEEDRAIL (SN_SCHEDULE,ID_HSR,DIRECTION,NANGANG,TAIPEI,BANQIAO,TAOYUAN,HSINCHU,MIAOLI,TAICHUNG,CHANGHUA,YUNLIN,CHIAYI,TAINAN,ZUOYING) values (42,'149','downSouth','17:20','17:31','17:39',null,null,null,'18:20',null,null,null,null,'19:05');
Insert into III_TEAM_DBA.HIGHSPEEDRAIL (SN_SCHEDULE,ID_HSR,DIRECTION,NANGANG,TAIPEI,BANQIAO,TAOYUAN,HSINCHU,MIAOLI,TAICHUNG,CHANGHUA,YUNLIN,CHIAYI,TAINAN,ZUOYING) values (43,'669','downSouth','17:35','17:46','17:55','18:10','18:22',null,'18:48',null,null,'19:14','19:33','19:45');
Insert into III_TEAM_DBA.HIGHSPEEDRAIL (SN_SCHEDULE,ID_HSR,DIRECTION,NANGANG,TAIPEI,BANQIAO,TAOYUAN,HSINCHU,MIAOLI,TAICHUNG,CHANGHUA,YUNLIN,CHIAYI,TAINAN,ZUOYING) values (44,'849','downSouth','18:00','18:11','18:19','18:34','18:47','18:58','19:17','19:30','19:41','19:55','20:13','20:25');
Insert into III_TEAM_DBA.HIGHSPEEDRAIL (SN_SCHEDULE,ID_HSR,DIRECTION,NANGANG,TAIPEI,BANQIAO,TAOYUAN,HSINCHU,MIAOLI,TAICHUNG,CHANGHUA,YUNLIN,CHIAYI,TAINAN,ZUOYING) values (45,'673','downSouth','18:10','18:21','18:29','18:43','18:56',null,'19:25',null,null,'19:50','20:07','20:20');
Insert into III_TEAM_DBA.HIGHSPEEDRAIL (SN_SCHEDULE,ID_HSR,DIRECTION,NANGANG,TAIPEI,BANQIAO,TAOYUAN,HSINCHU,MIAOLI,TAICHUNG,CHANGHUA,YUNLIN,CHIAYI,TAINAN,ZUOYING) values (46,'153','downSouth','18:20','18:31','18:39',null,null,null,'19:20',null,null,null,null,'20:05');
Insert into III_TEAM_DBA.HIGHSPEEDRAIL (SN_SCHEDULE,ID_HSR,DIRECTION,NANGANG,TAIPEI,BANQIAO,TAOYUAN,HSINCHU,MIAOLI,TAICHUNG,CHANGHUA,YUNLIN,CHIAYI,TAINAN,ZUOYING) values (47,'675','downSouth','18:35','18:46','18:55','19:10','19:22',null,'19:48',null,null,'20:14','20:33','20:45');
Insert into III_TEAM_DBA.HIGHSPEEDRAIL (SN_SCHEDULE,ID_HSR,DIRECTION,NANGANG,TAIPEI,BANQIAO,TAOYUAN,HSINCHU,MIAOLI,TAICHUNG,CHANGHUA,YUNLIN,CHIAYI,TAINAN,ZUOYING) values (48,'249','downSouth','18:40','18:51','18:59',null,null,null,'19:40',null,null,null,'20:18','20:30');
Insert into III_TEAM_DBA.HIGHSPEEDRAIL (SN_SCHEDULE,ID_HSR,DIRECTION,NANGANG,TAIPEI,BANQIAO,TAOYUAN,HSINCHU,MIAOLI,TAICHUNG,CHANGHUA,YUNLIN,CHIAYI,TAINAN,ZUOYING) values (49,'853','downSouth','19:00','19:11','19:19','19:34','19:47','19:58','20:17','20:30','20:41','20:55','21:13','21:25');
Insert into III_TEAM_DBA.HIGHSPEEDRAIL (SN_SCHEDULE,ID_HSR,DIRECTION,NANGANG,TAIPEI,BANQIAO,TAOYUAN,HSINCHU,MIAOLI,TAICHUNG,CHANGHUA,YUNLIN,CHIAYI,TAINAN,ZUOYING) values (50,'157','downSouth','19:20','19:31','19:39',null,null,null,'20:20',null,null,null,null,'21:05');
Insert into III_TEAM_DBA.HIGHSPEEDRAIL (SN_SCHEDULE,ID_HSR,DIRECTION,NANGANG,TAIPEI,BANQIAO,TAOYUAN,HSINCHU,MIAOLI,TAICHUNG,CHANGHUA,YUNLIN,CHIAYI,TAINAN,ZUOYING) values (51,'681','downSouth','19:35','19:46','19:55','20:10','20:22',null,'20:48',null,null,'21:14','21:33','21:45');
Insert into III_TEAM_DBA.HIGHSPEEDRAIL (SN_SCHEDULE,ID_HSR,DIRECTION,NANGANG,TAIPEI,BANQIAO,TAOYUAN,HSINCHU,MIAOLI,TAICHUNG,CHANGHUA,YUNLIN,CHIAYI,TAINAN,ZUOYING) values (52,'857','downSouth','20:00','20:11','20:19','20:34','20:47','20:58','21:17','21:30','21:41','21:55','22:13','22:25');
Insert into III_TEAM_DBA.HIGHSPEEDRAIL (SN_SCHEDULE,ID_HSR,DIRECTION,NANGANG,TAIPEI,BANQIAO,TAOYUAN,HSINCHU,MIAOLI,TAICHUNG,CHANGHUA,YUNLIN,CHIAYI,TAINAN,ZUOYING) values (53,'161','downSouth','20:20','20:31','20:39',null,null,null,'21:20',null,null,null,null,'22:05');
Insert into III_TEAM_DBA.HIGHSPEEDRAIL (SN_SCHEDULE,ID_HSR,DIRECTION,NANGANG,TAIPEI,BANQIAO,TAOYUAN,HSINCHU,MIAOLI,TAICHUNG,CHANGHUA,YUNLIN,CHIAYI,TAINAN,ZUOYING) values (54,'687','downSouth','20:35','20:46','20:55','21:10','21:22',null,'21:48',null,null,'22:14','22:33','22:45');
Insert into III_TEAM_DBA.HIGHSPEEDRAIL (SN_SCHEDULE,ID_HSR,DIRECTION,NANGANG,TAIPEI,BANQIAO,TAOYUAN,HSINCHU,MIAOLI,TAICHUNG,CHANGHUA,YUNLIN,CHIAYI,TAINAN,ZUOYING) values (55,'861','downSouth','21:00','21:11','21:19','21:34','21:47','21:58','22:17','22:30','22:41','22:55','23:13','23:25');
Insert into III_TEAM_DBA.HIGHSPEEDRAIL (SN_SCHEDULE,ID_HSR,DIRECTION,NANGANG,TAIPEI,BANQIAO,TAOYUAN,HSINCHU,MIAOLI,TAICHUNG,CHANGHUA,YUNLIN,CHIAYI,TAINAN,ZUOYING) values (56,'165','downSouth','21:20','21:31','21:39',null,null,null,'22:20',null,null,null,null,'23:05');
Insert into III_TEAM_DBA.HIGHSPEEDRAIL (SN_SCHEDULE,ID_HSR,DIRECTION,NANGANG,TAIPEI,BANQIAO,TAOYUAN,HSINCHU,MIAOLI,TAICHUNG,CHANGHUA,YUNLIN,CHIAYI,TAINAN,ZUOYING) values (57,'693','downSouth','21:30','21:41','21:50','22:05','22:17',null,'22:43',null,null,'23:09','23:28','23:40');
Insert into III_TEAM_DBA.HIGHSPEEDRAIL (SN_SCHEDULE,ID_HSR,DIRECTION,NANGANG,TAIPEI,BANQIAO,TAOYUAN,HSINCHU,MIAOLI,TAICHUNG,CHANGHUA,YUNLIN,CHIAYI,TAINAN,ZUOYING) values (58,'333','downSouth','21:45','21:56',null,'22:15',null,null,'22:49','23:01','23:12','23:24','23:42','23:55');
Insert into III_TEAM_DBA.HIGHSPEEDRAIL (SN_SCHEDULE,ID_HSR,DIRECTION,NANGANG,TAIPEI,BANQIAO,TAOYUAN,HSINCHU,MIAOLI,TAICHUNG,CHANGHUA,YUNLIN,CHIAYI,TAINAN,ZUOYING) values (59,'295','downSouth','22:05','22:16',null,'22:35',null,null,'23:07',null,null,'23:30','23:48','23:59');
Insert into III_TEAM_DBA.HIGHSPEEDRAIL (SN_SCHEDULE,ID_HSR,DIRECTION,NANGANG,TAIPEI,BANQIAO,TAOYUAN,HSINCHU,MIAOLI,TAICHUNG,CHANGHUA,YUNLIN,CHIAYI,TAINAN,ZUOYING) values (60,'565','downSouth','22:15','22:26','22:35','22:48','23:00','23:12','23:29',null,null,null,null,null);
Insert into III_TEAM_DBA.HIGHSPEEDRAIL (SN_SCHEDULE,ID_HSR,DIRECTION,NANGANG,TAIPEI,BANQIAO,TAOYUAN,HSINCHU,MIAOLI,TAICHUNG,CHANGHUA,YUNLIN,CHIAYI,TAINAN,ZUOYING) values (61,'567','downSouth','22:50','23:00','23:08','23:21','23:32','23:43','23:59',null,null,null,null,null);
Insert into III_TEAM_DBA.HIGHSPEEDRAIL (SN_SCHEDULE,ID_HSR,DIRECTION,NANGANG,TAIPEI,BANQIAO,TAOYUAN,HSINCHU,MIAOLI,TAICHUNG,CHANGHUA,YUNLIN,CHIAYI,TAINAN,ZUOYING) values (62,'502','goNorth','07:20','07:12','07:02','06:49','06:37','06:24','06:05',null,null,null,null,null);
Insert into III_TEAM_DBA.HIGHSPEEDRAIL (SN_SCHEDULE,ID_HSR,DIRECTION,NANGANG,TAIPEI,BANQIAO,TAOYUAN,HSINCHU,MIAOLI,TAICHUNG,CHANGHUA,YUNLIN,CHIAYI,TAINAN,ZUOYING) values (63,'508','goNorth','08:10','08:01','07:50','07:38','07:25','07:12','06:52',null,null,null,null,null);
Insert into III_TEAM_DBA.HIGHSPEEDRAIL (SN_SCHEDULE,ID_HSR,DIRECTION,NANGANG,TAIPEI,BANQIAO,TAOYUAN,HSINCHU,MIAOLI,TAICHUNG,CHANGHUA,YUNLIN,CHIAYI,TAINAN,ZUOYING) values (64,'300','goNorth','07:55','07:47',null,'07:28',null,null,'06:56','06:44','06:34','06:21','06:03','05:50');
Insert into III_TEAM_DBA.HIGHSPEEDRAIL (SN_SCHEDULE,ID_HSR,DIRECTION,NANGANG,TAIPEI,BANQIAO,TAOYUAN,HSINCHU,MIAOLI,TAICHUNG,CHANGHUA,YUNLIN,CHIAYI,TAINAN,ZUOYING) values (65,'802','goNorth','08:40','08:32','08:22','08:10','07:58','07:45','07:25','07:13','07:00','06:48','06:29','06:15');
Insert into III_TEAM_DBA.HIGHSPEEDRAIL (SN_SCHEDULE,ID_HSR,DIRECTION,NANGANG,TAIPEI,BANQIAO,TAOYUAN,HSINCHU,MIAOLI,TAICHUNG,CHANGHUA,YUNLIN,CHIAYI,TAINAN,ZUOYING) values (66,'204','goNorth','08:45','08:37','08:27',null,null,null,'07:48',null,null,null,'07:07','06:55');
Insert into III_TEAM_DBA.HIGHSPEEDRAIL (SN_SCHEDULE,ID_HSR,DIRECTION,NANGANG,TAIPEI,BANQIAO,TAOYUAN,HSINCHU,MIAOLI,TAICHUNG,CHANGHUA,YUNLIN,CHIAYI,TAINAN,ZUOYING) values (67,'606','goNorth','09:10','09:02','08:51','08:38','08:25',null,'08:00',null,null,'07:32','07:13','07:00');
Insert into III_TEAM_DBA.HIGHSPEEDRAIL (SN_SCHEDULE,ID_HSR,DIRECTION,NANGANG,TAIPEI,BANQIAO,TAOYUAN,HSINCHU,MIAOLI,TAICHUNG,CHANGHUA,YUNLIN,CHIAYI,TAINAN,ZUOYING) values (68,'206','goNorth','09:05','08:57','08:47',null,null,null,'08:08',null,null,null,'07:28','07:15');
Insert into III_TEAM_DBA.HIGHSPEEDRAIL (SN_SCHEDULE,ID_HSR,DIRECTION,NANGANG,TAIPEI,BANQIAO,TAOYUAN,HSINCHU,MIAOLI,TAICHUNG,CHANGHUA,YUNLIN,CHIAYI,TAINAN,ZUOYING) values (69,'806','goNorth','09:50','09:42','09:32','09:20','09:08','08:56','08:36','08:24','08:12','08:00','07:41','07:25');
Insert into III_TEAM_DBA.HIGHSPEEDRAIL (SN_SCHEDULE,ID_HSR,DIRECTION,NANGANG,TAIPEI,BANQIAO,TAOYUAN,HSINCHU,MIAOLI,TAICHUNG,CHANGHUA,YUNLIN,CHIAYI,TAINAN,ZUOYING) values (70,'610','goNorth','09:45','09:36','09:25','09:11','08:57',null,'08:32',null,null,'08:08','07:48','07:35');
Insert into III_TEAM_DBA.HIGHSPEEDRAIL (SN_SCHEDULE,ID_HSR,DIRECTION,NANGANG,TAIPEI,BANQIAO,TAOYUAN,HSINCHU,MIAOLI,TAICHUNG,CHANGHUA,YUNLIN,CHIAYI,TAINAN,ZUOYING) values (71,'108','goNorth','09:40','09:32','09:21',null,null,null,'08:39',null,null,null,null,'07:55');
Insert into III_TEAM_DBA.HIGHSPEEDRAIL (SN_SCHEDULE,ID_HSR,DIRECTION,NANGANG,TAIPEI,BANQIAO,TAOYUAN,HSINCHU,MIAOLI,TAICHUNG,CHANGHUA,YUNLIN,CHIAYI,TAINAN,ZUOYING) values (72,'612','goNorth','10:10','10:02','09:51','09:38','09:25',null,'09:00',null,null,'08:32','08:13','08:00');
Insert into III_TEAM_DBA.HIGHSPEEDRAIL (SN_SCHEDULE,ID_HSR,DIRECTION,NANGANG,TAIPEI,BANQIAO,TAOYUAN,HSINCHU,MIAOLI,TAICHUNG,CHANGHUA,YUNLIN,CHIAYI,TAINAN,ZUOYING) values (73,'810','goNorth','10:50','10:42','10:32','10:20','10:08','09:56','09:36','09:24','09:12','09:00','08:41','08:25');
Insert into III_TEAM_DBA.HIGHSPEEDRAIL (SN_SCHEDULE,ID_HSR,DIRECTION,NANGANG,TAIPEI,BANQIAO,TAOYUAN,HSINCHU,MIAOLI,TAICHUNG,CHANGHUA,YUNLIN,CHIAYI,TAINAN,ZUOYING) values (74,'616','goNorth','10:45','10:36','10:25','10:11','09:57',null,'09:32',null,null,'09:08','08:48','08:35');
Insert into III_TEAM_DBA.HIGHSPEEDRAIL (SN_SCHEDULE,ID_HSR,DIRECTION,NANGANG,TAIPEI,BANQIAO,TAOYUAN,HSINCHU,MIAOLI,TAICHUNG,CHANGHUA,YUNLIN,CHIAYI,TAINAN,ZUOYING) values (75,'112','goNorth','10:40','10:32','10:21',null,null,null,'09:39',null,null,null,null,'08:55');
Insert into III_TEAM_DBA.HIGHSPEEDRAIL (SN_SCHEDULE,ID_HSR,DIRECTION,NANGANG,TAIPEI,BANQIAO,TAOYUAN,HSINCHU,MIAOLI,TAICHUNG,CHANGHUA,YUNLIN,CHIAYI,TAINAN,ZUOYING) values (76,'618','goNorth','11:10','11:02','10:51','10:38','10:25',null,'10:00',null,null,'09:32','09:13','09:00');
Insert into III_TEAM_DBA.HIGHSPEEDRAIL (SN_SCHEDULE,ID_HSR,DIRECTION,NANGANG,TAIPEI,BANQIAO,TAOYUAN,HSINCHU,MIAOLI,TAICHUNG,CHANGHUA,YUNLIN,CHIAYI,TAINAN,ZUOYING) values (77,'814','goNorth','11:50','11:42','11:32','11:20','11:08','10:56','10:36','10:24','10:12','10:00','09:41','09:25');
Insert into III_TEAM_DBA.HIGHSPEEDRAIL (SN_SCHEDULE,ID_HSR,DIRECTION,NANGANG,TAIPEI,BANQIAO,TAOYUAN,HSINCHU,MIAOLI,TAICHUNG,CHANGHUA,YUNLIN,CHIAYI,TAINAN,ZUOYING) values (78,'116','goNorth','11:40','11:32','11:21',null,null,null,'10:39',null,null,null,null,'09:55');
Insert into III_TEAM_DBA.HIGHSPEEDRAIL (SN_SCHEDULE,ID_HSR,DIRECTION,NANGANG,TAIPEI,BANQIAO,TAOYUAN,HSINCHU,MIAOLI,TAICHUNG,CHANGHUA,YUNLIN,CHIAYI,TAINAN,ZUOYING) values (79,'624','goNorth','12:10','12:02','11:51','11:38','11:25',null,'11:00',null,null,'10:32','10:13','10:00');
Insert into III_TEAM_DBA.HIGHSPEEDRAIL (SN_SCHEDULE,ID_HSR,DIRECTION,NANGANG,TAIPEI,BANQIAO,TAOYUAN,HSINCHU,MIAOLI,TAICHUNG,CHANGHUA,YUNLIN,CHIAYI,TAINAN,ZUOYING) values (80,'818','goNorth','12:50','12:42','12:32','12:20','12:08','11:56','11:36','11:24','11:12','11:00','10:41','10:25');
Insert into III_TEAM_DBA.HIGHSPEEDRAIL (SN_SCHEDULE,ID_HSR,DIRECTION,NANGANG,TAIPEI,BANQIAO,TAOYUAN,HSINCHU,MIAOLI,TAICHUNG,CHANGHUA,YUNLIN,CHIAYI,TAINAN,ZUOYING) values (81,'628','goNorth','12:45','12:36','12:25','12:11','11:57',null,'11:32',null,null,'11:08','10:48','10:35');
Insert into III_TEAM_DBA.HIGHSPEEDRAIL (SN_SCHEDULE,ID_HSR,DIRECTION,NANGANG,TAIPEI,BANQIAO,TAOYUAN,HSINCHU,MIAOLI,TAICHUNG,CHANGHUA,YUNLIN,CHIAYI,TAINAN,ZUOYING) values (82,'120','goNorth','12:40','12:32','12:21',null,null,null,'11:39',null,null,null,null,'10:55');
Insert into III_TEAM_DBA.HIGHSPEEDRAIL (SN_SCHEDULE,ID_HSR,DIRECTION,NANGANG,TAIPEI,BANQIAO,TAOYUAN,HSINCHU,MIAOLI,TAICHUNG,CHANGHUA,YUNLIN,CHIAYI,TAINAN,ZUOYING) values (83,'630','goNorth','13:10','13:02','12:51','12:38','12:25',null,'12:00',null,null,'11:32','11:13','11:00');
Insert into III_TEAM_DBA.HIGHSPEEDRAIL (SN_SCHEDULE,ID_HSR,DIRECTION,NANGANG,TAIPEI,BANQIAO,TAOYUAN,HSINCHU,MIAOLI,TAICHUNG,CHANGHUA,YUNLIN,CHIAYI,TAINAN,ZUOYING) values (84,'822','goNorth','13:50','13:42','13:32','13:20','13:08','12:56','12:36','12:24','12:12','12:00','11:41','11:25');
Insert into III_TEAM_DBA.HIGHSPEEDRAIL (SN_SCHEDULE,ID_HSR,DIRECTION,NANGANG,TAIPEI,BANQIAO,TAOYUAN,HSINCHU,MIAOLI,TAICHUNG,CHANGHUA,YUNLIN,CHIAYI,TAINAN,ZUOYING) values (85,'124','goNorth','13:40','13:32','13:21',null,null,null,'12:39',null,null,null,null,'11:55');
Insert into III_TEAM_DBA.HIGHSPEEDRAIL (SN_SCHEDULE,ID_HSR,DIRECTION,NANGANG,TAIPEI,BANQIAO,TAOYUAN,HSINCHU,MIAOLI,TAICHUNG,CHANGHUA,YUNLIN,CHIAYI,TAINAN,ZUOYING) values (86,'636','goNorth','14:10','14:02','13:51','13:38','13:25',null,'13:00',null,null,'12:32','12:13','12:00');
Insert into III_TEAM_DBA.HIGHSPEEDRAIL (SN_SCHEDULE,ID_HSR,DIRECTION,NANGANG,TAIPEI,BANQIAO,TAOYUAN,HSINCHU,MIAOLI,TAICHUNG,CHANGHUA,YUNLIN,CHIAYI,TAINAN,ZUOYING) values (87,'826','goNorth','14:50','14:42','14:32','14:20','14:08','13:56','13:36','13:24','13:12','13:00','12:41','12:25');
Insert into III_TEAM_DBA.HIGHSPEEDRAIL (SN_SCHEDULE,ID_HSR,DIRECTION,NANGANG,TAIPEI,BANQIAO,TAOYUAN,HSINCHU,MIAOLI,TAICHUNG,CHANGHUA,YUNLIN,CHIAYI,TAINAN,ZUOYING) values (88,'128','goNorth','14:40','14:32','14:21',null,null,null,'13:39',null,null,null,null,'12:55');
Insert into III_TEAM_DBA.HIGHSPEEDRAIL (SN_SCHEDULE,ID_HSR,DIRECTION,NANGANG,TAIPEI,BANQIAO,TAOYUAN,HSINCHU,MIAOLI,TAICHUNG,CHANGHUA,YUNLIN,CHIAYI,TAINAN,ZUOYING) values (89,'642','goNorth','15:10','15:02','14:51','14:38','14:25',null,'14:00',null,null,'13:32','13:13','13:00');
Insert into III_TEAM_DBA.HIGHSPEEDRAIL (SN_SCHEDULE,ID_HSR,DIRECTION,NANGANG,TAIPEI,BANQIAO,TAOYUAN,HSINCHU,MIAOLI,TAICHUNG,CHANGHUA,YUNLIN,CHIAYI,TAINAN,ZUOYING) values (90,'830','goNorth','15:50','15:42','15:32','15:20','15:08','14:56','14:36','14:24','14:12','14:00','13:41','13:25');
Insert into III_TEAM_DBA.HIGHSPEEDRAIL (SN_SCHEDULE,ID_HSR,DIRECTION,NANGANG,TAIPEI,BANQIAO,TAOYUAN,HSINCHU,MIAOLI,TAICHUNG,CHANGHUA,YUNLIN,CHIAYI,TAINAN,ZUOYING) values (91,'132','goNorth','15:40','15:32','15:21',null,null,null,'14:39',null,null,null,null,'13:55');
Insert into III_TEAM_DBA.HIGHSPEEDRAIL (SN_SCHEDULE,ID_HSR,DIRECTION,NANGANG,TAIPEI,BANQIAO,TAOYUAN,HSINCHU,MIAOLI,TAICHUNG,CHANGHUA,YUNLIN,CHIAYI,TAINAN,ZUOYING) values (92,'648','goNorth','16:10','16:02','15:51','15:38','15:25',null,'15:00',null,null,'14:32','14:13','14:00');
Insert into III_TEAM_DBA.HIGHSPEEDRAIL (SN_SCHEDULE,ID_HSR,DIRECTION,NANGANG,TAIPEI,BANQIAO,TAOYUAN,HSINCHU,MIAOLI,TAICHUNG,CHANGHUA,YUNLIN,CHIAYI,TAINAN,ZUOYING) values (93,'834','goNorth','16:50','16:42','16:32','16:20','16:08','15:56','15:36','15:24','15:12','15:00','14:41','14:25');
Insert into III_TEAM_DBA.HIGHSPEEDRAIL (SN_SCHEDULE,ID_HSR,DIRECTION,NANGANG,TAIPEI,BANQIAO,TAOYUAN,HSINCHU,MIAOLI,TAICHUNG,CHANGHUA,YUNLIN,CHIAYI,TAINAN,ZUOYING) values (94,'136','goNorth','16:40','16:32','16:21',null,null,null,'15:39',null,null,null,null,'14:55');
Insert into III_TEAM_DBA.HIGHSPEEDRAIL (SN_SCHEDULE,ID_HSR,DIRECTION,NANGANG,TAIPEI,BANQIAO,TAOYUAN,HSINCHU,MIAOLI,TAICHUNG,CHANGHUA,YUNLIN,CHIAYI,TAINAN,ZUOYING) values (95,'654','goNorth','17:10','17:02','16:51','16:38','16:25',null,'16:00',null,null,'15:32','15:13','15:00');
Insert into III_TEAM_DBA.HIGHSPEEDRAIL (SN_SCHEDULE,ID_HSR,DIRECTION,NANGANG,TAIPEI,BANQIAO,TAOYUAN,HSINCHU,MIAOLI,TAICHUNG,CHANGHUA,YUNLIN,CHIAYI,TAINAN,ZUOYING) values (96,'838','goNorth','17:50','17:42','17:32','17:20','17:08','16:56','16:36','16:24','16:12','16:00','15:41','15:25');
Insert into III_TEAM_DBA.HIGHSPEEDRAIL (SN_SCHEDULE,ID_HSR,DIRECTION,NANGANG,TAIPEI,BANQIAO,TAOYUAN,HSINCHU,MIAOLI,TAICHUNG,CHANGHUA,YUNLIN,CHIAYI,TAINAN,ZUOYING) values (97,'658','goNorth','17:45','17:36','17:25','17:11','16:57',null,'16:32',null,null,'16:08','15:48','15:35');
Insert into III_TEAM_DBA.HIGHSPEEDRAIL (SN_SCHEDULE,ID_HSR,DIRECTION,NANGANG,TAIPEI,BANQIAO,TAOYUAN,HSINCHU,MIAOLI,TAICHUNG,CHANGHUA,YUNLIN,CHIAYI,TAINAN,ZUOYING) values (98,'140','goNorth','17:40','17:32','17:21',null,null,null,'16:39',null,null,null,null,'15:55');
Insert into III_TEAM_DBA.HIGHSPEEDRAIL (SN_SCHEDULE,ID_HSR,DIRECTION,NANGANG,TAIPEI,BANQIAO,TAOYUAN,HSINCHU,MIAOLI,TAICHUNG,CHANGHUA,YUNLIN,CHIAYI,TAINAN,ZUOYING) values (99,'660','goNorth','18:10','18:02','17:51','17:38','17:25',null,'17:00',null,null,'16:32','16:13','16:00');
Insert into III_TEAM_DBA.HIGHSPEEDRAIL (SN_SCHEDULE,ID_HSR,DIRECTION,NANGANG,TAIPEI,BANQIAO,TAOYUAN,HSINCHU,MIAOLI,TAICHUNG,CHANGHUA,YUNLIN,CHIAYI,TAINAN,ZUOYING) values (100,'242','goNorth','18:05','17:57','17:47',null,null,null,'17:08',null,null,null,'16:28','16:15');
Insert into III_TEAM_DBA.HIGHSPEEDRAIL (SN_SCHEDULE,ID_HSR,DIRECTION,NANGANG,TAIPEI,BANQIAO,TAOYUAN,HSINCHU,MIAOLI,TAICHUNG,CHANGHUA,YUNLIN,CHIAYI,TAINAN,ZUOYING) values (101,'842','goNorth','18:50','18:42','18:32','18:20','18:08','17:56','17:36','17:24','17:12','17:00','16:41','16:25');
Insert into III_TEAM_DBA.HIGHSPEEDRAIL (SN_SCHEDULE,ID_HSR,DIRECTION,NANGANG,TAIPEI,BANQIAO,TAOYUAN,HSINCHU,MIAOLI,TAICHUNG,CHANGHUA,YUNLIN,CHIAYI,TAINAN,ZUOYING) values (102,'664','goNorth','18:45','18:36','18:25','18:11','17:57',null,'17:32',null,null,'17:08','16:48','16:35');
Insert into III_TEAM_DBA.HIGHSPEEDRAIL (SN_SCHEDULE,ID_HSR,DIRECTION,NANGANG,TAIPEI,BANQIAO,TAOYUAN,HSINCHU,MIAOLI,TAICHUNG,CHANGHUA,YUNLIN,CHIAYI,TAINAN,ZUOYING) values (103,'144','goNorth','18:40','18:32','18:21',null,null,null,'17:39',null,null,null,null,'16:55');
Insert into III_TEAM_DBA.HIGHSPEEDRAIL (SN_SCHEDULE,ID_HSR,DIRECTION,NANGANG,TAIPEI,BANQIAO,TAOYUAN,HSINCHU,MIAOLI,TAICHUNG,CHANGHUA,YUNLIN,CHIAYI,TAINAN,ZUOYING) values (104,'666','goNorth','19:10','19:02','18:51','18:38','18:25',null,'18:00',null,null,'17:32','17:13','17:00');
Insert into III_TEAM_DBA.HIGHSPEEDRAIL (SN_SCHEDULE,ID_HSR,DIRECTION,NANGANG,TAIPEI,BANQIAO,TAOYUAN,HSINCHU,MIAOLI,TAICHUNG,CHANGHUA,YUNLIN,CHIAYI,TAINAN,ZUOYING) values (105,'846','goNorth','19:50','19:42','19:32','19:20','19:08','18:56','18:36','18:24','18:12','18:00','17:41','17:25');
Insert into III_TEAM_DBA.HIGHSPEEDRAIL (SN_SCHEDULE,ID_HSR,DIRECTION,NANGANG,TAIPEI,BANQIAO,TAOYUAN,HSINCHU,MIAOLI,TAICHUNG,CHANGHUA,YUNLIN,CHIAYI,TAINAN,ZUOYING) values (106,'670','goNorth','19:45','19:36','19:25','19:11','18:57',null,'18:32',null,null,'18:08','17:48','17:35');
Insert into III_TEAM_DBA.HIGHSPEEDRAIL (SN_SCHEDULE,ID_HSR,DIRECTION,NANGANG,TAIPEI,BANQIAO,TAOYUAN,HSINCHU,MIAOLI,TAICHUNG,CHANGHUA,YUNLIN,CHIAYI,TAINAN,ZUOYING) values (107,'148','goNorth','19:40','19:32','19:21',null,null,null,'18:39',null,null,null,null,'17:55');
Insert into III_TEAM_DBA.HIGHSPEEDRAIL (SN_SCHEDULE,ID_HSR,DIRECTION,NANGANG,TAIPEI,BANQIAO,TAOYUAN,HSINCHU,MIAOLI,TAICHUNG,CHANGHUA,YUNLIN,CHIAYI,TAINAN,ZUOYING) values (108,'672','goNorth','20:10','20:02','19:51','19:38','19:25',null,'19:00',null,null,'18:32','18:13','18:00');
Insert into III_TEAM_DBA.HIGHSPEEDRAIL (SN_SCHEDULE,ID_HSR,DIRECTION,NANGANG,TAIPEI,BANQIAO,TAOYUAN,HSINCHU,MIAOLI,TAICHUNG,CHANGHUA,YUNLIN,CHIAYI,TAINAN,ZUOYING) values (109,'850','goNorth','20:50','20:42','20:32','20:20','20:08','19:56','19:36','19:24','19:12','19:00','18:41','18:25');
Insert into III_TEAM_DBA.HIGHSPEEDRAIL (SN_SCHEDULE,ID_HSR,DIRECTION,NANGANG,TAIPEI,BANQIAO,TAOYUAN,HSINCHU,MIAOLI,TAICHUNG,CHANGHUA,YUNLIN,CHIAYI,TAINAN,ZUOYING) values (110,'676','goNorth','20:45','20:36','20:25','20:11','19:57',null,'19:32',null,null,'19:08','18:48','18:35');
Insert into III_TEAM_DBA.HIGHSPEEDRAIL (SN_SCHEDULE,ID_HSR,DIRECTION,NANGANG,TAIPEI,BANQIAO,TAOYUAN,HSINCHU,MIAOLI,TAICHUNG,CHANGHUA,YUNLIN,CHIAYI,TAINAN,ZUOYING) values (111,'854','goNorth','21:50','21:42','21:32','21:20','21:08','20:56','20:36','20:24','20:12','20:00','19:41','19:25');
Insert into III_TEAM_DBA.HIGHSPEEDRAIL (SN_SCHEDULE,ID_HSR,DIRECTION,NANGANG,TAIPEI,BANQIAO,TAOYUAN,HSINCHU,MIAOLI,TAICHUNG,CHANGHUA,YUNLIN,CHIAYI,TAINAN,ZUOYING) values (112,'156','goNorth','21:40','21:32','21:21',null,null,null,'20:39',null,null,null,null,'19:55');
Insert into III_TEAM_DBA.HIGHSPEEDRAIL (SN_SCHEDULE,ID_HSR,DIRECTION,NANGANG,TAIPEI,BANQIAO,TAOYUAN,HSINCHU,MIAOLI,TAICHUNG,CHANGHUA,YUNLIN,CHIAYI,TAINAN,ZUOYING) values (113,'684','goNorth','22:10','22:02','21:51','21:38','21:25',null,'21:00',null,null,'20:32','20:13','20:00');
Insert into III_TEAM_DBA.HIGHSPEEDRAIL (SN_SCHEDULE,ID_HSR,DIRECTION,NANGANG,TAIPEI,BANQIAO,TAOYUAN,HSINCHU,MIAOLI,TAICHUNG,CHANGHUA,YUNLIN,CHIAYI,TAINAN,ZUOYING) values (114,'858','goNorth','22:50','22:42','22:32','22:20','22:08','21:56','21:36','21:24','21:12','21:00','20:41','20:25');
Insert into III_TEAM_DBA.HIGHSPEEDRAIL (SN_SCHEDULE,ID_HSR,DIRECTION,NANGANG,TAIPEI,BANQIAO,TAOYUAN,HSINCHU,MIAOLI,TAICHUNG,CHANGHUA,YUNLIN,CHIAYI,TAINAN,ZUOYING) values (115,'160','goNorth','22:40','22:32','22:21',null,null,null,'21:39',null,null,null,null,'20:55');
Insert into III_TEAM_DBA.HIGHSPEEDRAIL (SN_SCHEDULE,ID_HSR,DIRECTION,NANGANG,TAIPEI,BANQIAO,TAOYUAN,HSINCHU,MIAOLI,TAICHUNG,CHANGHUA,YUNLIN,CHIAYI,TAINAN,ZUOYING) values (116,'690','goNorth','23:15','23:07','22:56','22:43','22:30',null,'22:05',null,null,'21:37','21:18','21:05');
Insert into III_TEAM_DBA.HIGHSPEEDRAIL (SN_SCHEDULE,ID_HSR,DIRECTION,NANGANG,TAIPEI,BANQIAO,TAOYUAN,HSINCHU,MIAOLI,TAICHUNG,CHANGHUA,YUNLIN,CHIAYI,TAINAN,ZUOYING) values (117,'862','goNorth','23:55','23:47','23:37','23:25','23:12','23:00','22:40','22:28','22:16','22:03','21:44','21:30');
Insert into III_TEAM_DBA.HIGHSPEEDRAIL (SN_SCHEDULE,ID_HSR,DIRECTION,NANGANG,TAIPEI,BANQIAO,TAOYUAN,HSINCHU,MIAOLI,TAICHUNG,CHANGHUA,YUNLIN,CHIAYI,TAINAN,ZUOYING) values (118,'696','goNorth',null,'23:59','23:52','23:40','23:27',null,'22:59',null,null,'22:32','22:11','21:55');
Insert into III_TEAM_DBA.HIGHSPEEDRAIL (SN_SCHEDULE,ID_HSR,DIRECTION,NANGANG,TAIPEI,BANQIAO,TAOYUAN,HSINCHU,MIAOLI,TAICHUNG,CHANGHUA,YUNLIN,CHIAYI,TAINAN,ZUOYING) values (119,'294','goNorth','23:59','23:52','23:42',null,null,null,'23:03',null,null,null,'22:23','22:10');
Insert into III_TEAM_DBA.HIGHSPEEDRAIL (SN_SCHEDULE,ID_HSR,DIRECTION,NANGANG,TAIPEI,BANQIAO,TAOYUAN,HSINCHU,MIAOLI,TAICHUNG,CHANGHUA,YUNLIN,CHIAYI,TAINAN,ZUOYING) values (120,'598','goNorth',null,null,null,null,null,null,'23:59','23:49','23:39','23:27','23:08','22:55');
REM INSERTING into III_TEAM_DBA.T_ORDER_LIST
SET DEFINE OFF;
--------------------------------------------------------
--  DDL for Index CARRENTALCOMPANY_PK
--------------------------------------------------------

  CREATE UNIQUE INDEX "III_TEAM_DBA"."CARRENTALCOMPANY_PK" ON "III_TEAM_DBA"."CARRENTALCOMPANY" ("SN_RENTALCOMPANY") 
  PCTFREE 10 INITRANS 2 MAXTRANS 255 COMPUTE STATISTICS 
  STORAGE(INITIAL 65536 NEXT 1048576 MINEXTENTS 1 MAXEXTENTS 2147483645
  PCTINCREASE 0 FREELISTS 1 FREELIST GROUPS 1
  BUFFER_POOL DEFAULT FLASH_CACHE DEFAULT CELL_FLASH_CACHE DEFAULT)
  TABLESPACE "USERS" ;
--------------------------------------------------------
--  DDL for Index CARTYPE_PK
--------------------------------------------------------

  CREATE UNIQUE INDEX "III_TEAM_DBA"."CARTYPE_PK" ON "III_TEAM_DBA"."CARTYPE" ("SN_CARTYPE") 
  PCTFREE 10 INITRANS 2 MAXTRANS 255 COMPUTE STATISTICS 
  STORAGE(INITIAL 65536 NEXT 1048576 MINEXTENTS 1 MAXEXTENTS 2147483645
  PCTINCREASE 0 FREELISTS 1 FREELIST GROUPS 1
  BUFFER_POOL DEFAULT FLASH_CACHE DEFAULT CELL_FLASH_CACHE DEFAULT)
  TABLESPACE "USERS" ;
--------------------------------------------------------
--  DDL for Index HIGHSPEEDRAIL_PK
--------------------------------------------------------

  CREATE UNIQUE INDEX "III_TEAM_DBA"."HIGHSPEEDRAIL_PK" ON "III_TEAM_DBA"."HIGHSPEEDRAIL" ("SN_SCHEDULE") 
  PCTFREE 10 INITRANS 2 MAXTRANS 255 COMPUTE STATISTICS 
  STORAGE(INITIAL 65536 NEXT 1048576 MINEXTENTS 1 MAXEXTENTS 2147483645
  PCTINCREASE 0 FREELISTS 1 FREELIST GROUPS 1
  BUFFER_POOL DEFAULT FLASH_CACHE DEFAULT CELL_FLASH_CACHE DEFAULT)
  TABLESPACE "USERS" ;
--------------------------------------------------------
--  DDL for Index ORDERTABLE_PK
--------------------------------------------------------

  CREATE UNIQUE INDEX "III_TEAM_DBA"."ORDERTABLE_PK" ON "III_TEAM_DBA"."T_ORDER_LIST" ("SN_ORDER") 
  PCTFREE 10 INITRANS 2 MAXTRANS 255 COMPUTE STATISTICS 
  TABLESPACE "USERS" ;
--------------------------------------------------------
--  DDL for Trigger CARRENTALCOMPANY_TRG
--------------------------------------------------------

  CREATE OR REPLACE EDITIONABLE TRIGGER "III_TEAM_DBA"."CARRENTALCOMPANY_TRG" 
BEFORE INSERT ON CARRENTALCOMPANY 
FOR EACH ROW 
BEGIN
  <<COLUMN_SEQUENCES>>
  BEGIN
    IF INSERTING AND :NEW.SN_RENTALCOMPANY IS NULL THEN
      SELECT SEQ_CARRENTALCOMPANY.NEXTVAL INTO :NEW.SN_RENTALCOMPANY FROM SYS.DUAL;
    END IF;
  END COLUMN_SEQUENCES;
END;
/
ALTER TRIGGER "III_TEAM_DBA"."CARRENTALCOMPANY_TRG" ENABLE;
--------------------------------------------------------
--  DDL for Trigger CARTYPE_TRG
--------------------------------------------------------

  CREATE OR REPLACE EDITIONABLE TRIGGER "III_TEAM_DBA"."CARTYPE_TRG" 
BEFORE INSERT ON CARTYPE 
FOR EACH ROW 
BEGIN
  <<COLUMN_SEQUENCES>>
  BEGIN
    IF INSERTING AND :NEW.SN_CARTYPE IS NULL THEN
      SELECT SEQ_CARTYPE.NEXTVAL INTO :NEW.SN_CARTYPE FROM SYS.DUAL;
    END IF;
  END COLUMN_SEQUENCES;
END;
/
ALTER TRIGGER "III_TEAM_DBA"."CARTYPE_TRG" ENABLE;
--------------------------------------------------------
--  DDL for Trigger HIGHSPEEDRAIL_TRG
--------------------------------------------------------

  CREATE OR REPLACE EDITIONABLE TRIGGER "III_TEAM_DBA"."HIGHSPEEDRAIL_TRG" 
BEFORE INSERT ON HIGHSPEEDRAIL 
FOR EACH ROW 
BEGIN
  <<COLUMN_SEQUENCES>>
  BEGIN
    IF INSERTING AND :NEW.SN_SCHEDULE IS NULL THEN
      SELECT SEQ_HSR.NEXTVAL INTO :NEW.SN_SCHEDULE FROM SYS.DUAL;
    END IF;
  END COLUMN_SEQUENCES;
END;
/
ALTER TRIGGER "III_TEAM_DBA"."HIGHSPEEDRAIL_TRG" ENABLE;
--------------------------------------------------------
--  DDL for Trigger T_ORDER_LIST_TRG
--------------------------------------------------------

  CREATE OR REPLACE EDITIONABLE TRIGGER "III_TEAM_DBA"."T_ORDER_LIST_TRG" 
BEFORE INSERT ON T_ORDER_LIST 
FOR EACH ROW 
BEGIN
  <<COLUMN_SEQUENCES>>
  BEGIN
    IF INSERTING AND :NEW.SN_ORDER IS NULL THEN
      SELECT SEQ_T_ORDER_LIST.NEXTVAL INTO :NEW.SN_ORDER FROM SYS.DUAL;
    END IF;
  END COLUMN_SEQUENCES;
END;
/
ALTER TRIGGER "III_TEAM_DBA"."T_ORDER_LIST_TRG" ENABLE;
--------------------------------------------------------
--  Constraints for Table CARRENTALCOMPANY
--------------------------------------------------------

  ALTER TABLE "III_TEAM_DBA"."CARRENTALCOMPANY" MODIFY ("SN_RENTALCOMPANY" NOT NULL ENABLE);
  ALTER TABLE "III_TEAM_DBA"."CARRENTALCOMPANY" ADD CONSTRAINT "CARRENTALCOMPANY_PK" PRIMARY KEY ("SN_RENTALCOMPANY")
  USING INDEX PCTFREE 10 INITRANS 2 MAXTRANS 255 COMPUTE STATISTICS 
  STORAGE(INITIAL 65536 NEXT 1048576 MINEXTENTS 1 MAXEXTENTS 2147483645
  PCTINCREASE 0 FREELISTS 1 FREELIST GROUPS 1
  BUFFER_POOL DEFAULT FLASH_CACHE DEFAULT CELL_FLASH_CACHE DEFAULT)
  TABLESPACE "USERS"  ENABLE;
--------------------------------------------------------
--  Constraints for Table CARTYPE
--------------------------------------------------------

  ALTER TABLE "III_TEAM_DBA"."CARTYPE" MODIFY ("SN_CARTYPE" NOT NULL ENABLE);
  ALTER TABLE "III_TEAM_DBA"."CARTYPE" ADD CONSTRAINT "CARTYPE_PK" PRIMARY KEY ("SN_CARTYPE")
  USING INDEX PCTFREE 10 INITRANS 2 MAXTRANS 255 COMPUTE STATISTICS 
  STORAGE(INITIAL 65536 NEXT 1048576 MINEXTENTS 1 MAXEXTENTS 2147483645
  PCTINCREASE 0 FREELISTS 1 FREELIST GROUPS 1
  BUFFER_POOL DEFAULT FLASH_CACHE DEFAULT CELL_FLASH_CACHE DEFAULT)
  TABLESPACE "USERS"  ENABLE;
--------------------------------------------------------
--  Constraints for Table HIGHSPEEDRAIL
--------------------------------------------------------

  ALTER TABLE "III_TEAM_DBA"."HIGHSPEEDRAIL" MODIFY ("SN_SCHEDULE" NOT NULL ENABLE);
  ALTER TABLE "III_TEAM_DBA"."HIGHSPEEDRAIL" ADD CONSTRAINT "HIGHSPEEDRAIL_PK" PRIMARY KEY ("SN_SCHEDULE")
  USING INDEX PCTFREE 10 INITRANS 2 MAXTRANS 255 COMPUTE STATISTICS 
  STORAGE(INITIAL 65536 NEXT 1048576 MINEXTENTS 1 MAXEXTENTS 2147483645
  PCTINCREASE 0 FREELISTS 1 FREELIST GROUPS 1
  BUFFER_POOL DEFAULT FLASH_CACHE DEFAULT CELL_FLASH_CACHE DEFAULT)
  TABLESPACE "USERS"  ENABLE;
--------------------------------------------------------
--  Constraints for Table T_ORDER_LIST
--------------------------------------------------------

  ALTER TABLE "III_TEAM_DBA"."T_ORDER_LIST" MODIFY ("SN_ORDER" NOT NULL ENABLE);
  ALTER TABLE "III_TEAM_DBA"."T_ORDER_LIST" ADD CONSTRAINT "ORDERTABLE_PK" PRIMARY KEY ("SN_ORDER")
  USING INDEX PCTFREE 10 INITRANS 2 MAXTRANS 255 COMPUTE STATISTICS 
  TABLESPACE "USERS"  ENABLE;
--------------------------------------------------------
--  Ref Constraints for Table CARTYPE
--------------------------------------------------------

  ALTER TABLE "III_TEAM_DBA"."CARTYPE" ADD CONSTRAINT "SN_RENTCARCOMPANY" FOREIGN KEY ("SN_RENTCARCOMPANY")
	  REFERENCES "III_TEAM_DBA"."CARRENTALCOMPANY" ("SN_RENTALCOMPANY") ENABLE;
--------------------------------------------------------
--  Ref Constraints for Table T_ORDER_LIST
--------------------------------------------------------

  ALTER TABLE "III_TEAM_DBA"."T_ORDER_LIST" ADD CONSTRAINT "SN_SCHEDULE" FOREIGN KEY ("SN_SCHEDULE")
	  REFERENCES "III_TEAM_DBA"."HIGHSPEEDRAIL" ("SN_SCHEDULE") ENABLE;
  ALTER TABLE "III_TEAM_DBA"."T_ORDER_LIST" ADD CONSTRAINT "SN_CARTYPE" FOREIGN KEY ("SN_CARTYPE")
	  REFERENCES "III_TEAM_DBA"."CARTYPE" ("SN_CARTYPE") ENABLE;
